model,device_type,device_type_confidence,device_type_justification,os_family_byGPT,os_confidence_byGPT,os_justification_byGPT
IGEL IGEL Thin Client,Industrial PC (IPC),medium,"The IGEL IGEL Thin Client is often used in industrial settings for various applications, fitting the IPC category.",Linux,medium,"Industrial PCs (IPC) commonly run Linux or Windows Embedded, with Linux being a common choice."
Lantronix MatchPort AR,Network Appliance,high,The Lantronix MatchPort AR is primarily used for network connectivity in industrial applications.,Linux,high,Network appliances like the Lantronix MatchPort AR typically run embedded Linux.
APC AP9630,Network Appliance,medium,The APC AP9630 is commonly used as a network management card for power devices.,Linux,high,Network appliances like the APC AP9630 typically run embedded Linux.
APC AP9631,Network Appliance,medium,The APC AP9631 serves as a network management interface for power distribution units.,Linux,high,Network appliances like the APC AP9631 typically run embedded Linux.
Carel PCO1000WB0,Building Management Controller (BMS),high,"The Carel PCO1000WB0 is a controller specifically designed for HVAC applications, fitting the BMS category.",Linux,medium,"Building Management Controllers often run embedded Linux or proprietary firmware, with Linux being common."
Hill-Rom NaviCare Room Control Board,Building Management Controller (BMS),high,"The Hill-Rom NaviCare Room Control Board is used for managing room environments in healthcare settings, aligning with BMS.",Linux,medium,"Building Management Controllers often run embedded Linux or proprietary firmware, with Linux being common."
Honeywell ComfortPoint Open CPO-VAV2A,Building Management Controller (BMS),high,"The Honeywell ComfortPoint Open CPO-VAV2A is a controller for HVAC systems, fitting the BMS category.",Linux,medium,"Building Management Controllers often run embedded Linux or proprietary firmware, with Linux being common."
Johnson Controls NAE,Building Management Controller (BMS),high,The Johnson Controls NAE is a network automation engine used for building management systems.,Linux,medium,"Building Management Controllers often run embedded Linux or proprietary firmware, with Linux being common."
Siemens PXC Modular,Building Management Controller (BMS),medium,"The Siemens PXC Modular is commonly used in building management systems, though it can have broader applications.",Linux,medium,"Building Management Controllers often run embedded Linux or proprietary firmware, with Linux being common."
Nova Biomedical StatStrip,Laboratory Analyzer,high,The Nova Biomedical StatStrip is a well-known device used for laboratory analysis in medical settings.,Unknown,low,The operating system for laboratory analyzers like the Nova Biomedical StatStrip is not commonly known.
Roche Accu-Chek Inform II,Medical Infusion Pump,high,The Roche Accu-Chek Inform II is specifically designed for medical infusion applications.,Unknown,low,"Medical infusion pumps like Roche Accu-Chek Inform II may use proprietary firmware, making OS inference uncertain."
Philips EarlyVue VS30,Medical Patient Monitor,high,The Philips EarlyVue VS30 is specifically designed for patient monitoring in healthcare environments.,Unknown,low,"Medical patient monitors like Philips EarlyVue VS30 often run proprietary systems, leading to uncertainty in OS attribution."
Philips IntelliVue,Medical Patient Monitor,high,The Philips IntelliVue is a widely recognized patient monitoring system used in hospitals.,Unknown,low,"Medical patient monitors like Philips IntelliVue may utilize proprietary software, making OS inference difficult."
Philips IntelliVue MX40,Medical Patient Monitor,high,The Philips IntelliVue MX40 is a portable patient monitor commonly used in clinical settings.,Unknown,low,"Medical patient monitors like Philips IntelliVue MX40 are likely to run proprietary systems, leading to uncertain OS attribution."
Philips IntelliVue X3,Medical Patient Monitor,high,"The Philips IntelliVue X3 is designed for patient monitoring, aligning with established medical device categories.",Unknown,low,"Medical patient monitors like Philips IntelliVue X3 may use proprietary firmware, making OS inference uncertain."
Smiths Medical MedFusion 4000,Medical Patient Monitor,high,The Smiths Medical MedFusion 4000 is primarily used as a medical patient monitoring device.,Unknown,low,"Medical patient monitors like Smiths Medical MedFusion 4000 often run proprietary systems, leading to uncertainty in OS attribution."
Carel pCOWeb Card,Network Appliance,medium,"The Carel pCOWeb Card is a network interface for monitoring and controlling HVAC systems, aligning it with network appliances.",Linux,medium,Network appliances like Carel pCOWeb Card commonly run embedded Linux.
Rauland-Borg Responder,Nurse Call System,medium,"The Rauland-Borg Responder is primarily used as a communication system in healthcare settings, fitting the nurse call category.",Unknown,low,"Nurse call systems like Rauland-Borg Responder may use proprietary firmware, making OS inference uncertain."
B.Braun SmartBattery with Wifi,Other,low,The B.Braun SmartBattery with Wifi does not fit into a standard device type category.,Unknown,low,"Devices like B.Braun SmartBattery with Wifi may use proprietary systems, leading to uncertain OS attribution."
Baxter Sigma Spectrum Wireless Module,Other,low,The Baxter Sigma Spectrum Wireless Module does not align with a specific device type.,Unknown,low,"Devices like Baxter Sigma Spectrum Wireless Module may run proprietary firmware, making OS inference uncertain."
Becton Dickinson Pyxis ES System,Other,low,The Becton Dickinson Pyxis ES System is a medication management system that does not fit standard OT device categories.,Unknown,low,Device type is 'Other' with no specific OS association.
Cerner Connectivity Engine,Other,low,"The Cerner Connectivity Engine is primarily a healthcare data integration tool, not fitting standard OT categories.",Unknown,low,Device type is 'Other' with no specific OS association.
Microsystems SPM Client,Other,low,The Microsystems SPM Client does not fit neatly into the standard categories and is more of a specialized client device.,Unknown,low,Device type is 'Other' with no specific OS association.
Omnicell Automated Dispensing Cabinet,Other,low,The Omnicell Automated Dispensing Cabinet serves a unique role in medication management that does not align with standard categories.,Unknown,low,Device type is 'Other' with no specific OS association.
Philips PIIC,Other,low,The Philips PIIC does not fit into standard categories and serves a specific function in patient information integration.,Unknown,low,Device type is 'Other' with no specific OS association.
Swisslog Translogic Tube Station,Other,low,The Swisslog Translogic Tube Station does not fit neatly into the provided categories and is more of a logistics solution.,Unknown,low,Device type is 'Other' with no specific OS association.
APC 0N-9582PANTERA,Power Distribution Unit (PDU),high,The APC 0N-9582PANTERA is a model associated with power distribution management.,Linux,medium,Power Distribution Units (PDUs) often run embedded Linux.
APC AP7811B,Power Distribution Unit (PDU),high,The APC AP7811B is a well-known model of a power distribution unit.,Linux,medium,Power Distribution Units (PDUs) often run embedded Linux.
APC ATS,Power Distribution Unit (PDU),high,"The APC ATS is recognized as an automatic transfer switch, a type of power distribution device.",Linux,medium,Power Distribution Units (PDUs) often run embedded Linux.
APC MasterSwitchrPDU,Power Distribution Unit (PDU),high,The APC MasterSwitchrPDU is specifically designed for power distribution in data centers.,Linux,medium,Power Distribution Units (PDUs) often run embedded Linux.
APC MasterSwitchrPDU2,Power Distribution Unit (PDU),high,The APC MasterSwitchrPDU2 is another model in the power distribution unit category.,Unknown,low,Power Distribution Units (PDUs) typically do not have a standard operating system.
Eaton Tripp Lite Series,Power Distribution Unit (PDU),high,"The Eaton Tripp Lite Series is known for power distribution, making it a clear fit for the PDU category.",Unknown,low,Power Distribution Units (PDUs) typically do not have a standard operating system.
APC Smart-UPS 1500,UPS,high,The APC Smart-UPS 1500 is a well-established uninterruptible power supply model.,Unknown,low,Uninterruptible Power Supplies (UPS) generally do not run a standard operating system.
APC Smart-UPS SMT 1500,UPS,high,The APC Smart-UPS SMT 1500 is a recognized model of uninterruptible power supply.,Unknown,low,Uninterruptible Power Supplies (UPS) generally do not run a standard operating system.
APC Smart-UPS SRT 2200,UPS,high,The APC Smart-UPS SRT 2200 is a known uninterruptible power supply model used in critical applications.,Unknown,low,Uninterruptible Power Supplies (UPS) generally do not run a standard operating system.
APC Smart-UPS SRT 5000,UPS,high,The APC Smart-UPS SRT 5000 is a well-known uninterruptible power supply designed for critical power protection.,Unknown,low,Uninterruptible Power Supplies (UPS) generally do not run a standard operating system.
Schneider Electric AS series,PLC,high,The Schneider Electric AS series is primarily used as a programmable logic controller in automation systems.,VxWorks,medium,Schneider Electric PLCs commonly run VxWorks or proprietary RTOS.
Schneider Electric AS-P,PLC,high,The Schneider Electric AS-P is a well-known programmable logic controller in industrial automation.,VxWorks,medium,Schneider Electric PLCs commonly run VxWorks or proprietary RTOS.
Siemens SIMATIC IPC,Industrial PC (IPC),high,The Siemens SIMATIC IPC is specifically designed for industrial computing applications.,Windows Embedded,medium,Siemens Industrial PCs (IPC) often run Windows Embedded or Linux.
Rockwell Automation PanelView Plus,HMI,high,The Rockwell Automation PanelView Plus is a well-established human-machine interface used in industrial settings.,Windows Embedded,high,Rockwell Automation HMIs are strongly associated with Windows Embedded.
Rockwell Automation PanelView Plus 7 Performance 1000,HMI,high,The Rockwell Automation PanelView Plus 7 Performance 1000 is a high-performance HMI widely recognized in the industry.,Windows Embedded,high,"Rockwell Automation HMIs, including the PanelView Plus series, are commonly associated with Windows Embedded."
Siemens SIMATIC HMI,HMI,high,The Siemens SIMATIC HMI is a recognized human-machine interface product family in the automation sector.,Windows Embedded,high,Siemens SIMATIC HMIs are typically deployed with Windows Embedded.
Alaris 8100 Pump Module,Medical Infusion Pump,high,The Alaris 8100 Pump Module is specifically designed for delivering medication and fluids to patients.,Unknown,low,Medical infusion pumps like the Alaris 8100 do not have a strong association with a specific OS family.
Alaris 8110 Syringe Module,Medical Infusion Pump,high,The Alaris 8110 Syringe Module is a component of an infusion system used for precise medication delivery.,Unknown,low,Medical infusion pumps like the Alaris 8110 do not have a strong association with a specific OS family.
B.Braun Infusomat Space,Medical Infusion Pump,high,The B.Braun Infusomat Space is a widely recognized infusion pump used in healthcare settings.,Unknown,low,The B.Braun Infusomat Space does not have a strong association with a specific OS family.
Baxter Novum IQ,Medical Infusion Pump,high,The Baxter Novum IQ is a medical infusion pump known for its advanced medication delivery capabilities.,Unknown,low,The Baxter Novum IQ does not have a strong association with a specific OS family.
Baxter Sigma Spectrum,Medical Infusion Pump,high,The Baxter Sigma Spectrum is a widely used infusion pump in clinical environments.,Unknown,low,The Baxter Sigma Spectrum does not have a strong association with a specific OS family.
Baxter Spectrum IQ,Medical Infusion Pump,high,The Baxter Spectrum IQ is a medical infusion pump that is part of the Sigma Spectrum family.,Unknown,low,The Baxter Spectrum IQ does not have a strong association with a specific OS family.
Hospira Plum 360,Medical Infusion Pump,high,The Hospira Plum 360 is a widely recognized infusion pump used in medical settings.,Unknown,low,The Hospira Plum 360 does not have a strong association with a specific OS family.
Alaris 8015 PC Unit,Medical Patient Monitor,high,The Alaris 8015 PC Unit is part of a medical device system primarily used for patient monitoring.,Unknown,low,The Alaris 8015 PC Unit does not have a strong association with a specific OS family.
